What are our recent results?,"SELECT date, format_type, team1_name, team1_id, team2_name, team2_id, winnerTeam_name, winnerTeam_id, vetoes, maps, players FROM matches WHERE status = ""Over"" ORDER BY date DESC LIMIT 5;"
How have our recent results been on mirage?,"SELECT maps, team1_name, team2_name FROM matches WHERE maps LIKE '%mirage%' ORDER BY date DESC LIMIT 5;"
What are our last 10 results on anubis?,"SELECT maps, team1_name, team2_name FROM matches WHERE maps LIKE '%anubis%' ORDER BY date DESC LIMIT 10;"
What map does Cloud9 ban the most?,SELECT vetoes FROM matches WHERE maps LIKE '%mirage%' ORDER BY date DESC LIMIT 10;
What is our most played map?,"WITH last_30_matches AS (SELECT maps FROM matches ORDER BY date DESC LIMIT 30) SELECT json_extract(value, '$.name') AS name, COUNT(*) AS count FROM last_30_matches, json_each(last_30_matches.maps) GROUP BY json_extract(value, '$.name') ORDER BY count DESC;"
What are our upcoming matches?,"SELECT title, date, team1, team2, status FROM matches WHERE status = ""Scheduled"" ORDER BY date ASC;"
What are Ax1Le's most recent stats?,"SELECT month, year, kills, headshots, deaths, kdRatio, damagePerRound, mapsPlayed, roundsPlayed, killsPerRound, assistsPerRound, deathsPerRound, rating2, openingKillRatio, openingKillRating FROM player_stats WHERE ign = 'Ax1Le' COLLATE NOCASE LIMIT 3;"
How many kills does Ax1Le have?,"SELECT kills, roundsPlayed FROM player_stats WHERE ign = 'Ax1Le' COLLATE NOCASE ORDER BY year DESC, month DESC LIMIT 3;"
What is Ax1Le's headshot percentage?,"SELECT headshots, kills, roundsPlayed FROM player_stats WHERE ign = 'Ax1Le' COLLATE NOCASE ORDER BY year DESC, month DESC LIMIT 3;"
How many deaths does Ax1Le have?,"SELECT deaths, roundsPlayed FROM player_stats WHERE ign = 'Ax1Le' COLLATE NOCASE ORDER BY year DESC, month DESC LIMIT 3;"
What is Ax1Le's K/D Ratio?,"SELECT kdRatio, roundsPlayed FROM player_stats WHERE ign = 'Ax1Le' COLLATE NOCASE ORDER BY year DESC, month DESC LIMIT 3;"
What is HeavyGod's kd?,"SELECT kdRatio, roundsPlayed FROM player_stats WHERE ign = 'HeavyGod' COLLATE NOCASE LIMIT 3;"
What is Ax1Le's damage per round?,"SELECT damagePerRound, roundsPlayed FROM player_stats WHERE ign = 'Ax1Le' COLLATE NOCASE ORDER BY year DESC, month DESC LIMIT 3;"
What is HeavyGod's dpr?,"SELECT damagePerRound, roundsPlayed FROM player_stats WHERE ign = 'HeavyGod' COLLATE NOCASE ORDER BY year DESC, month DESC LIMIT 3;"
How many maps has Ax1Le played?,"SELECT mapsPlayed, roundsPlayed FROM player_stats WHERE ign = 'Ax1Le' COLLATE NOCASE ORDER BY year DESC, month DESC LIMIT 3;"
How many kills per round does Ax1Le get?,"SELECT kills, roundsPlayed, killsPerRound FROM player_stats WHERE ign = 'Ax1Le' COLLATE NOCASE LIMIT 3;"
What is Ax1Le's kills per round?,"SELECT killsPerRound, roundsPlayed FROM player_stats WHERE ign = 'Ax1Le' COLLATE NOCASE ORDER BY year DESC, month DESC LIMIT 3;"
What is Ax1Le's assists per round?,"SELECT assistsPerRound, roundsPlayed FROM player_stats WHERE ign = 'Ax1Le' COLLATE NOCASE ORDER BY year DESC, month DESC LIMIT 3;"
What is Ax1Le's deaths per round?,"SELECT deathsPerRound, roundsPlayed FROM player_stats WHERE ign = 'Ax1Le' COLLATE NOCASE ORDER BY year DESC, month DESC LIMIT 3;"
What is Ax1Le's Rating?,"SELECT rating2, roundsPlayed FROM player_stats WHERE ign = 'Ax1Le' COLLATE NOCASE ORDER BY year DESC, month DESC LIMIT 3;"
What is Ax1Le's opening kill ratio?,"SELECT openingKillRatio, roundsPlayed FROM player_stats WHERE ign = 'Ax1Le' COLLATE NOCASE ORDER BY year DESC, month DESC LIMIT 3;"
What is Ax1Le's opening kill rating?,"SELECT openingKillRating, roundsPlayed FROM player_stats WHERE ign = 'Ax1Le' COLLATE NOCASE ORDER BY year DESC, month DESC LIMIT 3;"
What is Interz's kda?,"SELECT roundsPlayed, killsPerRound, deathsPerRound, assistsPerRound FROM player_stats WHERE ign = 'Interz' COLLATE NOCASE LIMIT 3;"
Is Ax1Le's rating improving over the last 6 months?,"SELECT month, year, rating2, roundsPlayed FROM player_stats WHERE ign = 'Ax1Le' COLLATE NOCASE LIMIT 6;"
How many grenade kills does Ax1Le have this year?,SELECT grenadeKills FROM player_stats WHERE ign = 'Ax1Le' AND year = 2024 COLLATE NOCASE ORDER BY month DESC LIMIT 1;
What is the average kills per map for Ax1Le over the last 5 maps?,"SELECT AVG(killsPerRound) as avg_kills FROM player_stats WHERE ign = 'Ax1Le' COLLATE NOCASE ORDER BY year DESC, month DESC LIMIT 5;"
How many opening kills does Ax1Le have in the past 6 months?,"SELECT SUM(openingKills) FROM player_stats WHERE ign = 'Ax1Le' COLLATE NOCASE ORDER BY year DESC, month DESC LIMIT 6;"
"How many 1-, 2-, 3-, 4-, or 5-kill rounds has Ax1Le had in the past 6 months?","SELECT SUM(oneKillRounds), SUM(twoKillRounds), SUM(threeKillRounds), SUM(fourKillRounds), SUM(fiveKillRounds), SUM(roundsPlayed) FROM player_stats WHERE ign = 'Ax1Le' COLLATE NOCASE ORDER BY year DESC, month DESC LIMIT 6;"
What are Cloud9's stats for the last 4 months?,"Select month, year, mapsPlayed, wins, losses, totalKills, totalDeaths, roundsPlayed, kdRatio, currentLineup, matches, mapStats, events from team_stats WHERE name = 'Cloud9' COLLATE NOCASE ORDER BY year DESC, month DESC limit 4;"
How many maps has Cloud9 played recently?,"SELECT mapsPlayed FROM team_stats WHERE name = 'Cloud9' COLLATE NOCASE ORDER BY year DESC, month DESC LIMIT 4;"
How many wins does Cloud9 have in its most recent games?,"SELECT wins FROM team_stats WHERE name = 'Cloud9' COLLATE NOCASE ORDER BY year DESC, month DESC LIMIT 4;"
How many losses does Cloud9 have in its most recent games?,"SELECT losses FROM team_stats WHERE name = 'Cloud9' COLLATE NOCASE ORDER BY year DESC, month DESC LIMIT 4;"
How many kills has Cloud9 achieved recently?,"SELECT totalKills FROM team_stats WHERE name = 'Cloud9' COLLATE NOCASE ORDER BY year DESC, month DESC LIMIT 4;"
How many deaths has Cloud9 suffered recently?,"SELECT totalDeaths FROM team_stats WHERE name = 'Cloud9' COLLATE NOCASE ORDER BY year DESC, month DESC LIMIT 4;"
How many rounds has Cloud9 played recently?,"SELECT roundsPlayed FROM team_stats WHERE name = 'Cloud9' COLLATE NOCASE ORDER BY year DESC, month DESC LIMIT 4;"
What is Cloud9's K/D Ratio in its most recent games?,"SELECT kdRatio FROM team_stats WHERE name = 'Cloud9' COLLATE NOCASE ORDER BY year DESC, month DESC LIMIT 4;"
How many matches has Cloud9 played recently?,"SELECT matches FROM team_stats WHERE name = 'Cloud9' COLLATE NOCASE ORDER BY year DESC, month DESC LIMIT 4;"
What is our current lineup?,"select currentLineup from team_stats ORDER BY year DESC, month DESC LIMIT 1;"
What are the map stats for Cloud9's most recent games?,"SELECT mapStats FROM team_stats WHERE name = 'Cloud9' COLLATE NOCASE ORDER BY year DESC, month DESC LIMIT 4;"
What events has Cloud9 participated in recently?,"SELECT events FROM team_stats WHERE name = 'Cloud9' COLLATE NOCASE ORDER BY year DESC, month DESC LIMIT 4;"
What are our upcoming events?,"SELECT events FROM matches WHERE status = ""Scheduled"" ORDER BY date ASC;"
What is Cloud9's win rate over the last 10 games?,"SELECT team1_name, team2_name, winnerTeam_name FROM matches WHERE team1_name = 'Cloud9' OR team2_name = 'Cloud9' COLLATE NOCASE ORDER BY date DESC LIMIT 10;"
Which player has the most kills in Cloud9's most recent match?,"WITH recent_match AS (SELECT maps FROM matches WHERE (team1_name = 'Cloud9' OR team2_name = 'Cloud9') ORDER BY date DESC LIMIT 1), map_stats AS (SELECT json_extract(value, '$.statsId') AS statsId FROM recent_match, json_each(recent_match.maps)) SELECT players.name AS player_name, SUM(player_matches.kills) AS total_kills FROM player_matches JOIN players ON player_matches.id = players.id WHERE player_matches.mapStatsId IN (SELECT statsId FROM map_stats) GROUP BY players.name ORDER BY total_kills DESC;"
Which team has won the most matches against Cloud9 this year?,"SELECT winnerTeam_name, COUNT(winnerTeam_name) as win_count FROM matches WHERE (team1_name = 'Cloud9' OR team2_name = 'Cloud9') AND winnerTeam_name != 'Cloud9' COLLATE NOCASE GROUP BY winnerTeam_name ORDER BY win_count DESC;"
 Who had the best performance in Cloud9Õs last match?,"WITH recent_match AS (SELECT maps FROM matches WHERE (team1_name = 'Cloud9' OR team2_name = 'Cloud9') ORDER BY date DESC LIMIT 1), map_stats AS (SELECT json_extract(value, '$.statsId') AS statsId FROM recent_match, json_each(recent_match.maps)), map_count AS (SELECT COUNT(*) AS map_count FROM map_stats) SELECT players.name AS player_name, SUM(player_matches.rating) / (SELECT map_count FROM map_count) AS avg_rating FROM player_matches JOIN players ON player_matches.id = players.id WHERE player_matches.mapStatsId IN (SELECT statsId FROM map_stats) GROUP BY players.name ORDER BY avg_rating DESC;"
How many events has Cloud9 participated in this year?,"SELECT COUNT(event) FROM matches WHERE (team1_name = 'Cloud9' OR team2_name = 'Cloud9') AND strftime('%Y', datetime(date / 1000, 'unixepoch')) = '2024';"
What are the most common vetoes against Cloud9?,"SELECT json_extract(value, '$.map') AS vetoed_map, COUNT(*) AS veto_count FROM matches, json_each(matches.vetoes) WHERE json_extract(value, '$.team.name') != 'Cloud9' GROUP BY vetoed_map ORDER BY veto_count DESC LIMIT 5;"
How many matches has Cloud9 lost in the last 10 matches?,SELECT COUNT(*) FROM matches WHERE (team1_name = 'Cloud9' OR team2_name = 'Cloud9') AND winnerTeam_name != 'Cloud9' COLLATE NOCASE ORDER BY date DESC LIMIT 10;
What is Cloud9's success rate on mirage in the past year?,"SELECT COUNT(*) as matches_played, SUM(CASE WHEN winnerTeam_name = 'Cloud9' THEN 1 ELSE 0 END) as matches_won FROM matches WHERE (team1_name = 'Cloud9' OR team2_name = 'Cloud9') AND maps LIKE '%mirage%' AND datetime(date / 1000, 'unixepoch') >= datetime('now', '-365 days');"
What is Cloud9Õs win rate on each map over the last year?,"SELECT json_extract(value, '$.name') AS map_name, COUNT(*) AS matches_played, SUM(CASE WHEN winnerTeam_name = 'Cloud9' THEN 1 ELSE 0 END) AS matches_won FROM matches, json_each(matches.maps) WHERE (team1_name = 'Cloud9' OR team2_name = 'Cloud9') AND datetime(date / 1000, 'unixepoch') >= datetime('now', '-365 days') GROUP BY map_name ORDER BY matches_won DESC;"
What is the average number of rounds Cloud9 plays per match?,"WITH recent_matches AS (SELECT maps FROM matches WHERE (team1_name = 'Cloud9' OR team2_name = 'Cloud9') ORDER BY date DESC LIMIT 30), map_rounds AS (SELECT json_extract(value, '$.name') AS map_name, json_extract(value, '$.result.team1TotalRounds') + json_extract(value, '$.result.team2TotalRounds') AS total_rounds FROM recent_matches, json_each(recent_matches.maps)) SELECT AVG(total_rounds) AS avg_rounds_per_map FROM map_rounds;"
What is Ax1Le's survival rate over the last 6 months?,"SELECT ROUND((1 - (SUM(deaths) * 1.0 / SUM(roundsPlayed) * 1.0)) * 100, 2) AS survival_rate FROM player_stats WHERE ign = 'Ax1Le' COLLATE NOCASE ORDER BY year DESC, month DESC;"
How has Cloud9 performed against NaVi in the last year?,"SELECT COUNT(*) AS matches_played, SUM(CASE WHEN winnerTeam_name = 'Cloud9' THEN 1 ELSE "